Title,Company,Posted on,Location,Experience,Skills
Java Developer,ibdtd,2025-09-20,Surat,2-5 Years,"maven, windows, javascript, docker, elastic search, java, testing tools, postgresql, debugging, unix"
Java Developer,M/s Fast and Furious Consulting,2025-09-21,Noida,0-3 Years,"css, jsp, jdbc, bootstrap, jquery, spring, database, java, apache, git, spring mvc, oops, linux, j2ee, html, mysql, api, mvc, rest, c, ant, maven, java developer, eclipse"
Java Developer,dagslore technology solutions,2025-09-19,Coimbatore,0-1 Years,"css, jsp, jdbc, hibernate, ajax, jquery, java, html, mvc, hadoop, javascript, struts, servlets, jsf"
Java Developer,Faichi Solutions,2025-09-02,Pune,8-10 Years,"junior developer, jdbc, team player, hibernate, javascript, java developer, spring, java, web technologies, j2ee, api"
Java Developer,Ingrain Systems Inc.,2025-09-20,United,5-8 Years,"spring, san, java, j2ee, hibernate, java developer"
Java Developer,FINITE HR CONSUTING PVT LTD,2025-09-21,Hyderabad,5-8 Years,"sql, salesforce, java, git, xml, j2ee, rest, oracle, svn, javascript, java developer, soap"
Java Developer,HARMAN INTERNATIONAL,2025-09-21,Bengaluru,5-8 Years,"java/kotlin programming, spring boot framework, webflux and reactor, kafka messaging, nosql mongodb"
Java Developer,CONNECTING 2 WORK,2025-09-21,Cochin,3-6 Years,"rest, oracle, microsoft azure, sql, spring, security, java, git, postgresql, debugging"
Java Developer,INTERSOFTKK (INDIA) PVT. LTD.,2025-09-21,Bengaluru,0-3 Years,"spring, database, java, technology consulting, web development, perl, c#, rdbms, sybase, .net, unix/linux"
Java developer,SEVEN CONSULTANCY,2025-09-20,Pune,0-3 Years,"css, html, software developer, javascript, java developer"
Senior Java,LINKTAG,2025-09-21,Delhi,7-10 Years,"senior programmer, hibernate, spring, java, struts, j2ee"
Java Developer,OM SOFTWARES,2025-09-19,Pune,3-6 Years,"gwt, jee, hibernate, sql, memory management, java, spring mvc, java ee, java developer, wicket, spring framework, delivery management, jsf"
Java Developer,girnar newtel solutions pvt ltd,2025-09-19,Bengaluru,0-3 Years,"css, jsp, jdbc, jee, hibernate, jquery, sql, spring, java, spring mvc, debugging, html, mysql, mvc, log4j, rest, mvc framework, rdbms, maven, javascript, java developer, jstl, osgi, struts, soap"
Java Developer,Doodleblue Innovations Pvt Ltd,2025-08-28,Chennai,0-3 Years,"spring, rest, java, j2ee, debugging, mvc, pl/sql, mongodb, soap, java developer, sql"
Java Consultants,LINKTAG,2025-09-21,Bengaluru,4-5 Years,"soa, jdbc, hibernate, spring, jaxb, java, uml, xml, j2ee, jpa, junit, ant, weblogic, jstl, spring framework, struts, xml schema, java programming, soap"
Java Developer,Logilite Technologies,2025-09-20,Surat,3-5 Years,"oracle pl/sql, java swing, jdbc, ajax, apache tomcat, java, xml, j2ee, rest, problem solving, javascript, osgi, database programming, java programming"
Java Developer,SEVEN CONSULTANCY,2025-08-25,Manali,2-4 Years,"software testing, jsp, java developer, sql, java, xml, debugging, enterprise java, ejb"
Java Developer,HARMAN INTERNATIONAL,2025-09-21,Bengaluru,4-6 Years,"java development, big data hadoop, streaming platforms, cloud technologies, multi threading, scala, nosql, database, mapreduce"
Java Developer,CONNECTING 2 WORK,2025-09-21,Cochin,0-3 Years,"rest, docker, spring framework, spring, spring boot, java, postgresql, json, api, mongodb"
Java Developer,ideation technology solutions private limited,2025-09-19,Kolkata,0-3 Years,"html5, jsp, problem solving, ajax, javascript, java developer, spring, node.js, java, spring security, spring mvc, oops, java ee, j2ee, multithreading, data structures"
JAVA DEVELOPER,CONNECTING 2 WORK,2025-09-21,Cochin,2-4 Years,"oracle, jee, hibernate, sql, spring framework, spring boot, memory management, java, infrastructure, java ee"
Java Programmers,right infotech solutions pvt. ltd,2025-09-07,Delhi,0-3 Years,"html5, javascript, database, java, apache, infrastructure, linux, html, mysql, sql programming"
Java Developer,ITSWS Technologies Pvt. Ltd.,2025-09-04,Noida,1-2 Years,"css, scala, jsp, jdbc, ajax, javascript, jquery, java developer, sql, database, java, servlets, j2ee, mysql, html"
Java Developer,CONNECTING 2 WORK,2025-09-21,Cochin,0-3 Years,"algorithms, spring boot, multimedia, java, postgresql, infrastructure, soap web services, java ee, debugging, data structures, mysql"
Java Developer,SEVEN CONSULTANCY,2025-08-25,Bengaluru,2-5 Years,"css, jsp, hibernate, ajax, sql, aix, java, xml, linux, json, html, mysql, api, rest, oracle, os, javascript, nosql, java developer, jdk, consultant, servlets, soap"
JAVA DEVELOPER,CONNECTING 2 WORK,2025-09-21,Thiruvananthapuram,3-6 Years,"rest, hibernate, hibernate framework, spring, spring boot, java, spring security, spring mvc, mvc"
Java Architect,HIGHRADIUS,2025-09-20,Hyderabad,8-11 Years,"exception handling, sql, elastic search, git, junit, project delivery"
Java Developer,CloudZon,2025-09-11,Ahmedabad,0-3 Years,"rest, mobile, problem solving, jdbc, java developer, database, java, git, infrastructure, mvc"
Java Developer,CONNECTING 2 WORK,2025-09-21,Thiruvananthapuram,0-3 Years,"gwt, jee, hibernate, sql, java developer, wicket, spring framework, memory management, java, spring mvc, java ee, jsf"
Java Trainer,3RI Technologies Pvt Ltd,2025-09-06,Pune,2-4 Years,"css, hibernate, jquery, sql, spring, react.js, git, j2ee, mysql, html, rest, maven, javascript, java developer, eclipse, spring boot, soap"
Java Developer,Bright Vision Technologies,2025-09-22,Hyderabad,9-15 Years,"java development, collaborative teamwork, problem solving, immigration, h1b, compensation"
Java Developer,5exceptions software solution pvt ltd indore,2025-09-20,Indore,0-3 Years,"rest, jsp, hibernate, java developer, spring boot, database, java, soap web services, j2ee, mysql"
Java Developer,CONNECTING 2 WORK,2025-08-21,Thiruvananthapuram,0-3 Years,"java, java ee, debugging"
Java Trainer,ANR SOFTWARE PVT LTD,2025-09-02,Noida,2-5 Years,"css, maven, svn, team player, eclipse, advanced java, database, java, jpa, html"
JAVA DEVELOPER,rendered ideas,2025-09-20,Mumbai,1-4 Years,"c#, c, system programming, os, java developer, java, games, debugging, object oriented programming"
Java Developer,kyndryl,2025-09-23,Bengaluru,2-5 Years,"software development, java programming, cloud architecture, api development, frontend technologies, intellij, sql, docker, devops, json, software engineering, rest, junit, github, maven, microsoft azure, eclipse"
JAVA DEVELOPER,CONNECTING 2 WORK,2025-09-21,Cochin,1-4 Years,"hibernate, java developer, spring, multimedia, advanced java, java, infrastructure, servlets, debugging, mysql"
Java Developer,Ctd Techs Private Limited,2025-09-21,Chennai,3-5 Years,"css, html5, bootstrap, hibernate, ajax, jquery, javascript, java developer, sql, spring, java, struts, xml, oops, j2ee, html"
Java Developer,msg global solutions,2025-08-24,Bengaluru,2-5 Years,"java programming, spring framework, frontend development, cloud applications, agile methodologies, html5, hibernate, it projects, maven, spring boot, angularjs"
Java Developer,tbm technologies,2025-09-20,Delhi,2-4 Years,"c, jsp, hibernate, spring, java, xml, linux, j2ee, ejb, crm, c, ivr, client server, java security, wap, windows, java developer, messaging, multimedia, struts, servlets"
Java Developer,highrise solutions llp,2025-09-20,Pune,3-5 Years,"java development, spring boot, front end technologies, software development passion, css, jsp, hibernate, symfony, jquery, sql, spring mvc, senior software developer, ssrs, sql developer, html, jpa, software engineer, mysql, api, java developer, jdk, php, .net"
Java Developer,Hexanika,2025-09-20,Pune,3-6 Years,"team player, java developer, sql, java, linux, java ee, debugging, hadoop, big data, hbase"
Java Consultant,SEVEN CONSULTANCY,2025-08-25,Hyderabad,0-3 Years,"functional specifications, oracle, business requirements, functional design, security, java, consultant, functional requirements"
Java Developer,Paragyte Technologies,2025-09-20,Pune,2-3 Years,"algorithms, information technology, jsp, hibernate, sql, spring, java, git, oops, mqtt, j2ee, debugging, multithreading, data structures, software engineering, maven, j2se, svn, problem solving, javascript, java developer, gradle, infrastructure, angularjs"
Java Developer,TransUnion,2025-09-21,Hyderabad,3-5 Years,"java programming, big data technologies, data pipeline development, etl data flows, data analysis, hive, scala, team player, software engineer"
Java Architect / Java Lead / Java Designer,infinity business solutions pvt ltd,2025-09-20,Bengaluru,8-12 Years,"java, architect, lead, designer, team management, object oriented analysis, mentor, technical leadership, application design, database design, java, technology management, uml, design patterns, system development, data structures, client server, mentoring, application development, system architecture, ooad"
JAVA Developer,Infinizi Consulting Pvt. Ltd.,2025-09-20,Noida,2-5 Years,"css, jsp, java applets, jquery, spring, markup languages, java, xml, json, html, javafx, big data, problem solving, javascript, java developer, eclipse, struts, web technologies, servlets, java programming"
Java Developer,BUSISOL SOURCING INDIA PVT. LTD,2025-09-07,Mumbai,3-6 Years,"oracle, html5, hibernate, hibernate framework, ajax, java developer, sql, java, struts, j2ee, java ee, .net, software developer"
Java Developer,appmomos,2025-09-11,Bengaluru,3-4 Years,"security compliance, html5, storage, javascript, java developer, sql, database, java, git, php, mysql, mvc, api, java programming"
Java Developer,Mtree Software,2025-09-02,Delhi,2-4 Years,"rest, hibernate, spring, node.js, database, java, django, struts, j2ee, mysql, mongodb"
Java Engineer,UBS,2025-09-20,Pune,8-11 Years,"programming languages, database management, agile methodologies, micro service architecture, cybersecurity principles, information technology, sql, java, html, python, infrastructure"
Java Developer,Commdel Consulting Services Pvt Ltd,2025-09-20,Noida,0-3 Years,"java developer, devops, infrastructure, .net"
Java Developer,FINITE HR CONSUTING PVT LTD,2025-09-21,Hyderabad,4-7 Years,"python, github, mobile, problem solving, team player, ruby, java, cassandra, php"
Java Developer,Softence technologies pvt ltd,2025-09-10,Chennai,1-4 Years,"jsp, hibernate, spring, advanced java, java, git, oops, jpa, mysql, rest, mvc framework, junit, maven, javascript, gradle, spring boot, servlets"
Java   C#,SYNECHRON,2025-08-28,Mumbai,5-7 Years,"java development, c# programming, problem solving, code versioning, agile methodologies, css, artificial intelligence, html, mysql, oracle, javascript, soap, hibernate, git, senior software developer, rest, mobile"
Java Developer,Ctd Techs Private Limited,2025-08-21,Chennai,3-5 Years,"css, html5, bootstrap, hibernate, ajax, jquery, javascript, java developer, sql, spring, java, struts, xml, oops, j2ee, html"
Java developer,M/s Fast and Furious Consulting,2025-09-21,Chicago,0-3 Years,"websphere, jsp, sharepoint, jee, bootstrap, ajax, jquery, sql, spring, java, git, linux, soap web services, json, pl/sql, ejb, rest, oracle, mq, weblogic, svn, javascript, java developer, nosql, messaging, eclipse, spring boot, production support, node.js, struts, tibco ems, soap, unix"
Java Developer,Paragyte Technologies,2025-09-02,Pune,2-3 Years,"algorithms, information technology, jsp, hibernate, sql, spring, java, git, oops, mqtt, j2ee, debugging, multithreading, data structures, software engineering, maven, j2se, svn, problem solving, javascript, java developer, gradle, infrastructure, angularjs"
JAVA Architect,CGI Information Systems and Management Consultants Pvt Ltd,2025-08-15,Bengaluru,10-12 Years,"java development, spring boot expertise, middleware integration, api management, microservices architecture, cgi, boomi, wso2, docker, security, apache, postgresql, devops, camel, mysql, mongodb, github, rdbms, oracle, tibco, messaging, nosql, spring security, esb, gateway, soap"
Java Developer,SYNECHRON,2025-08-25,Chennai,3-5 Years,"java programming, java frameworks, database management, agile methodologies, information technology, hibernate, software requirements, intellij idea, spring, oop, mysql, netbeans, oracle, eclipse, struts"
Java Developer,CONNECTING 2 WORK,2025-09-21,Thiruvananthapuram,0-3 Years,"java developer, multimedia, database, java, infrastructure, debugging"
JAVA Developer,HashStudioz,2025-09-20,Noida,3-6 Years,"css, jquery, javascript, git, html, api"
Java Lead,M/s Fast and Furious Consulting,2025-09-08,Bengaluru,5-8 Years,"java development, jee framework, spring framework, team leadership, requirement analysis, mobile, hibernate, java developer, j2ee, middleware"
Java Developer/Sr. Java Developer,gohil technologies,2025-08-29,Other,0-10 Years,"core java, jee, data structure/algorithm, design pattern, spring/hibernate framework, algorithms, rest api, problem solving, java developer, ds, j2ee, multithreading, data structures, software engineering"
Java Developer,CONNECTING 2 WORK,2025-09-21,Thiruvananthapuram,2-5 Years,"object oriented analysis, front end, software development, design documentation, orm, sql, memory management, java, infrastructure, design patterns, computer programmer"
java developer,harness digitech private limited,2025-09-06,Coimbatore,0-3 Years,"java, oracle, team player"
Java Developer,Shiras HR Advisory and Services,2025-09-08,Bengaluru,4-7 Years,"rest, odbc, jdbc, team player, hibernate, java developer, sql, spring boot, security, java, apache, xml, json, sql programming, soap"
Java Trainer,ANR SOFTWARE PVT LTD,2025-09-02,Noida,2-5 Years,"css, maven, svn, team player, eclipse, advanced java, database, java, jpa, html"
Java Developer/Sr.Java Developer,TBI Technologies pvt ltd bhopal,2025-09-19,Bhopal,1-4 Years,"authoring, team player, jquery, java developer, sql, spring framework, spring, multimedia, java, mysql, object oriented programming"
Java Engineer,PiMARQ,2025-08-28,Bengaluru,1-2 Years,"css, jquery, markup languages, oop, java, xml, json, html, object oriented programming, rest, javascript, infrastructure, web technologies, soap"
Java Developer,BUSISOL SOURCING INDIA PVT. LTD,2025-09-07,Chennai,7-10 Years,"spring, oracle, html5, struts, java ee, .net, hibernate framework, java developer, sql"
JAVA Lead,Emorphis Technologies,2025-08-25,Indore,6-9 Years,"core java development, jee framework, agile project management, object oriented design, web services integration, jsp, hibernate, ajax, javascript, jquery, spring, security, struts, j2ee, servlets"
Java Developer,BUSISOL SOURCING INDIA PVT. LTD,2025-09-07,Mumbai,2-5 Years,"spring boot, java, .net, mvc architecture, mysql, java developer"
JAVA Developer,BUSISOL SOURCING INDIA PVT. LTD,2025-09-07,Mumbai,2-3 Years,"css, jsp, jdbc, hibernate, ajax, jquery, sql, database, java, j2ee, json, mysql, html, director, xml/xsl, javascript, java developer, .net, software developer"
Java Developer | Java Development Services | AHOM,AHOM Technologies Private Limited,2025-09-19,Gurgaon,2-4 Years,"java development, spring boot, sql proficiency, web services, css, hibernate, ajax, apache tomcat, wsdl, j2ee, web development, jpa, mysql, html, oracle pl, software testing, maven, weblogic, javascript, java developer, eclipse, oracle pl / sql, soap"
Java Developer,HARMAN INTERNATIONAL,2025-09-21,Bengaluru,5-8 Years,"java/kotlin programming, spring boot framework, webflux and reactor, kafka messaging, nosql mongodb"
Java Specialist,Verizon Data Services India Pvt Ltd,2025-09-17,Chennai,4-7 Years,"web application development, java & spring boot, microservices architecture, devops tools utilization, agile software methodologies, css, html5, xml, project life cycle, oracle, javascript, sql, security, git, json, telecom domain, software delivery, system architecture, infrastructure"
Java Developer,vocso technologies,2025-09-07,Faridabad,3-8 Years,"java, oracle, j2ee, web development, mysql, java developer, nosql"
Java Developer,CONNECTING 2 WORK,2025-09-21,Thiruvananthapuram,1-3 Years,"spring, advanced java, java, servlets, mysql, hibernate"
Java developer,SEVEN CONSULTANCY,2025-08-25,Hyderabad,0-3 Years,"css, html, software developer, javascript, java developer"
JAVA Developer,Emorphis Technologies,2025-08-25,Indore,2-5 Years,"java development, agile methodology, restful services, software testing, database management, css, jsp, xsd, hibernate, jquery, spring, xml, debugging, json, jpa, html, ejb, mongodb, extjs, javascript, nosql, cassandra, struts"
Java Developer,TransUnion,2025-09-21,Hyderabad,3-5 Years,"java programming, big data technologies, data pipeline development, etl data flows, data analysis, hive, scala, team player, software engineer"
Java Developer,zakapps software pvt. ltd.,2025-09-19,Chennai,0-1 Years,"software applications, software developer, test"
Java Developer,mindworx software services pvt.ltd.,2025-09-19,Pune,2-5 Years,"css, hibernate, jquery, sql, spring boot, database, java, spring mvc, j2ee, html, api, angularjs"
JAVA BACKEND,CONNECTING 2 WORK,2025-09-21,Thiruvananthapuram,8-11 Years,"rest, spring boot, java, oracle, apache, ireport, birt, jdbc, sql"
Java Developer,Bright Vision Technologies,2025-09-22,Hyderabad,3-5 Years,"java development programming excellence team collaboration immigration support client interaction, java developer"
Java Developer,CodeCrux Web Technologies(P) Ltd.,2025-09-21,Hyderabad,4-5 Years,"java developer, docker, spring, security, java, api"
Java Developer,ibdtd,2025-09-20,Surat,2-5 Years,"maven, windows, javascript, docker, elastic search, java, testing tools, postgresql, debugging, unix"
Java Developer,CAPCO,2025-08-24,Bengaluru,5-8 Years,"java programming, apache kafka, spring framework, big data technologies, multithreading development, hive, algorithms, scala, sql, mysql, hadoop, mongodb, hbase, python, cache, rdbms, java developer, messaging, cassandra"
Java Developers,technolabs software solutions,2025-09-20,Bengaluru,2-3 Years,"html5, jsp, exception handling, hibernate, ajax, jquery, spring, java, struts, xml, ooad, servlets, json, multithreading, web development, angularjs"
Java Developer,virtusa consulting services pvt. ltd.,2025-08-26,Canada,5-8 Years,"java expertise, spring framework, restful apis, relational databases, algorithms, spring boot, .net, data structures"
java developer,FINITE HR CONSUTING PVT LTD,2025-09-21,Hyderabad,7-10 Years,"rest, html5, javascript, jquery, sql, spring, database, java, dao, mvc, soap"
Java Developer,CGI Information Systems and Management Consultants Pvt Ltd,2025-09-20,Canada,3-5 Years,"java development, spring boot, api certification, node, js expertise, technical support, node.js, java developer"
JAVA Architect,PH7,2025-09-19,United,0-3 Years,"rdbms, oracle, bi, advanced java, debugging, telecom, mysql, service oriented architecture"
Lead Java,SYNECHRON,2025-08-25,Pune,6-10 Years,"java proficiency, spring boot, microservices development, messaging systems, database management, information technology, software requirements, docker, sql, oop, git, postgresql, mysql, api, mongodb, mq, maven, nosql, gradle"
Java Developer,Drawsera,2025-09-21,Mumbai,1-5 Years,"css, ajax, jquery, sql, database, java, j2ee, mysql, html, oracle, j2se, javascript, java developer, website development"
Java Developer,ANR SOFTWARE PVT LTD,2025-09-02,Noida,0-3 Years,"oracle, weblogic, java developer, database, java, j2ee, jpa, api"
Java Developer,sacumen,2025-09-20,Bengaluru,0-3 Years,"rest, access management, security, java, soap web services, j2ee, api"
Java Developer,FINITE HR CONSUTING PVT LTD,2025-09-21,Hyderabad,0-3 Years,"css, html5, maven, svn, problem solving, team player, javascript, jquery, sql, wicket, oop, swing, java, xml, j2ee, html"
JAVA DEVELOPER,v support solutions,2025-09-20,Coimbatore,3-6 Years,"css, jsp, jquery, spring, markup languages, oop, java, xml, debugging, json, html, rest, problem solving, team player, javascript, java developer, struts, web technologies, servlets, software developer, soap"
Java developer,SEVEN CONSULTANCY,2025-09-20,Pune,0-3 Years,"css, html, software developer, javascript, java developer"
Java Developer,kyndryl,2025-09-23,Bengaluru,2-5 Years,"software development, java programming, frontend development, rest apis, ci/cd pipelines, intellij, sql, docker, devops, json, software engineering, junit, github, maven, microsoft azure, eclipse"
Java Architect,highradius technologies pvt ltd,2025-09-09,Hyderabad,8-16 Years,"technical architecture, requirement gathering, system design, performance optimization, cloud infrastructure, hibernate, spring, elastic search, java, mysql, lld, extjs, struts"
Java Developer,SYNECHRON,2025-08-24,Mumbai,3-7 Years,"java expertise, problem solving, software development, team collaboration, software engineering, software developer, java programming"
Java Developer,E Hook Systems,2025-09-20,Delhi,2-7 Years,"websphere, websphere mq, rest, jsp, bootstrap, hibernate, ajax, javascript, java developer, spring, java, j2ee, html, angularjs, soap"
Java developers,Knowledge labs,2025-09-20,Pune,5-8 Years,"websphere, oracle, jsp, weblogic, hibernate, spring, java, struts, servlets, mysql, ejb"
Java Developer,BUSISOL SOURCING INDIA PVT. LTD,2025-09-07,Chennai,4-7 Years,"hive, scala, mockito, docker, database, java, j2ee, debugging, mysql, hadoop, big data, mongodb, junit, java developer, nosql, .net, hdfs, unix/linux, angularjs"
Java Developer,Headhuntersinc consultancy Private Limited,2025-09-04,Chennai,6-10 Years,"gwt, senior software engineer, ajax, java developer, java, j2ee, sql database"
Java Developers,effitrac solutions pvt ltd,2025-09-19,Coimbatore,1-5 Years,"spring, java, spring mvc, j2ee, jpa, hibernate, sql"
Java Developer,CGI Information Systems and Management Consultants Pvt Ltd,2025-08-29,Pittsburgh,5-7 Years,"java development, advanced technology, client support, applications development, maintenance team, cgi, java developer"
Java developer,FINITE HR CONSUTING PVT LTD,2025-09-21,Hyderabad,7-10 Years,"rest, html5, javascript, jquery, sql, spring, database, java, dao, mvc, soap"
Java Developers,BUSISOL SOURCING INDIA PVT. LTD,2025-09-07,Mumbai,2-5 Years,"spring boot, java, .net, mvc architecture, mysql"
JAVA Developer,HARMAN INTERNATIONAL,2025-09-22,Pune,4-7 Years,"software development, api development, agile methodologies, cloud technologies, frontend frameworks, docker, sql, react.js, java, postgresql, python, github, software delivery, javascript, nosql, spring boot, node.js, openstack, software developer"
Java Developer,IG Group,2025-09-23,Bengaluru,3-4 Years,"java development, messaging technology, spring boot, technical documentation, java developer, jdk, api"
Java Developer,ShepHertz Technologies,2025-09-02,United,3-4 Years,"css, jee, jquery, database, spring mvc, oops, j2ee, debugging, multithreading, html, mysql, oracle, rdbms, grails, nosql, struts"
Java Developer,savitr software services pvt ltd,2025-09-20,Hyderabad,5-10 Years,"socket programming, jee, mockito, hibernate, spring, oop, java, git, xml, json, mysql, data structures, ipc, log4j, rest, junit, oracle, maven, java api, svn, java developer, gradle, infrastructure, database servers, ioc"
Java Developer,origin hr,2025-09-02,Mumbai,5-8 Years,"java development, pl/sql proficiency, api integrations, agile methodologies, problem solving, oracle, java developer"
Java Architect,azilon software solutions pvt ltd,2025-09-20,Mumbai,8-11 Years,"rdbms, oracle, soa, sql, java, service oriented architecture"
Java Developer,BUSISOL SOURCING INDIA PVT. LTD,2025-09-07,Mumbai,2-3 Years,"css, jsp, jdbc, hibernate, ajax, jquery, sql, database, java, j2ee, json, mysql, html, director, xml/xsl, javascript, java developer, .net, software developer"
Java Developer,FINITE HR CONSUTING PVT LTD,2025-09-21,Hyderabad,5-8 Years,"sql, salesforce, java, git, xml, j2ee, rest, c, oracle, svn, javascript, java developer, soap"
Java Developer,Bright Vision Technologies,2025-09-22,Hyderabad,9-15 Years,"java development, collaborative teamwork, problem solving, immigration, h1b, compensation"
Java Developer,Paragyte Technologies,2025-08-25,Pune,2-3 Years,"algorithms, information technology, jsp, hibernate, sql, spring, java, git, oops, mqtt, j2ee, debugging, multithreading, data structures, software engineering, maven, j2se, svn, problem solving, javascript, java developer, gradle, infrastructure, angularjs"
Java Developer,mspring infotech,2025-09-19,Bengaluru,6-10 Years,"oops concepts, design pattern, java, j2ee development, sql, css, html5, hibernate, ajax, jquery, spring, database, rest, oracle, java developer, struts, soap"
Java developer,Headhuntersinc consultancy Private Limited,2025-09-04,Chennai,3-6 Years,"rest, jsp, telecom domain, hibernate, javascript, spring, database, java, json, j2ee architecture, soap"
Java Developer,Headhuntersinc consultancy Private Limited,2025-09-04,Chennai,6-9 Years,"oracle pl/sql, jsp, hibernate, ajax, jquery, sql, spring, java, senior software developer, oops, j2ee, debugging, mysql, mvc, oracle, struts, software developer, ioc, j2ee technologies"
Java Developer,CONNECTING 2 WORK,2025-09-21,Thiruvananthapuram,0-3 Years,"gwt, jee, hibernate, java developer, sql, wicket, spring framework, memory management, java, spring mvc, java ee, jsf"
Java Developer,Gauge Data Solutions,2025-09-02,Noida,1-3 Years,"rdbms, jsp, lucene, team player, hibernate, java developer, nosql, database, java, spring mvc, j2ee, mysql"
Java Developer,MindWorx Software Services,2025-09-02,Pune,2-5 Years,"css, hibernate, jquery, sql, spring boot, database, java, spring mvc, j2ee, html, api, angularjs"
Java Lead,Magic Finserv,2025-09-02,United,8-10 Years,"css, mq, svn, spring, java, git, oops, j2ee, web api, html"
Java Developer,SYNECHRON,2025-08-25,Mumbai,5-8 Years,"java/jee technologies, multi threaded applications, core java development, agile methodologies understanding, spring, security, j2ee, python, spring boot"
Java Developer,Vitrana,2025-09-20,Bengaluru,1-3 Years,"jee, hibernate, jquery, sql, memory management, java, java ee, oracle, mobile, java developer, spring framework, hl7"
Java SDE,Arete Careers (OPC) Pvt Ltd,2025-09-20,Bengaluru,5-8 Years,"cryptography, mining, nosql, java, infrastructure, openstack"
Java Developer,Pinnove,2025-09-20,United,5-8 Years,"soa, program management, java, api, cloud computing, rest, java developer, service oriented architecture, soap"
JAVA Trainer,blend infotech,2025-09-19,Pune,2-5 Years,"spring, java, jsp, struts, servlets, ejb, hibernate"
Java Developer,LINKTAG,2025-09-21,Dallas,7-10 Years,"websphere, websphere mq, css, gwt, jsp, jdbc, hibernate, ajax, spring, java, uml, oops, j2ee, multithreading, html, software engineering, weblogic, extjs, javascript, oracle 11g, struts, jsf, soap"
JAVA BACKEND,CONNECTING 2 WORK,2025-09-21,Thiruvananthapuram,8-11 Years,"rest, spring boot, java, oracle, apache, ireport, birt, jdbc, sql"
Java Developer,AugmatrixGo,2025-08-29,Mumbai,2-3 Years,"algorithms, css, html5, jsp, hibernate, jquery, security, java, git, j2ee, debugging, jpa, mysql, mvc, rest, ubuntu, maven, problem solving, java developer, eclipse, jstl, unix"
Java Developer,kyndryl,2025-09-23,Bengaluru,2-5 Years,"java development, springboot microservices, rest api development, front end development, ci/cd pipeline, intellij, sql, docker, devops, json, software engineering, junit, github, maven, microsoft azure, eclipse"
Java Developer,Softvan,2025-09-20,Ahmedabad,3-5 Years,"gwt, jee, hibernate, java developer, sql, wicket, spring framework, memory management, java, spring mvc, java ee, jsf"
JAVA Programmer,Dynakode Technology Pvt. Ltd.,2025-09-19,Delhi,0-3 Years,"udp, rest, jsp, java developer, markup languages, java programmer, xml, linux, servlets, json, multithreading, service oriented architecture, sockets, soap"
Java Developer,NUWARE SYSTEMS PVT LTD,2025-09-02,Bengaluru,5-8 Years,"java development, gwt framework, mvc architecture, mysql, hibernate orm, aws, java developer, senior software developer"
Java Developer,BUSISOL SOURCING INDIA PVT. LTD,2025-09-07,Mumbai,2-3 Years,"css, jsp, jdbc, hibernate, ajax, jquery, sql, spring, database, java, j2ee, json, mysql, html, director, xml/xsl, javascript, java developer, .net, software developer"
JAVA ARCHITECT,kbs consultants,2025-09-20,Mumbai,0-3 Years,"websphere, soa, weblogic, business rules, hibernate, spring, java, struts, j2ee"
Java Developer,CAPCO,2025-09-20,Bengaluru,4-8 Years,"java development, spring boot, microservices architecture, unit testing, kafka integration, java developer"
Java Developer,CodeCrux Web Technologies(P) Ltd.,2025-09-21,Hyderabad,4-5 Years,"java developer, docker, spring, security, java, api"
Java Developer,FINITE HR CONSUTING PVT LTD,2025-09-21,Hyderabad,4-7 Years,"python, github, mobile, problem solving, team player, ruby, java, cassandra, php"
Java Developer,LAKSH HUMAN RESOURCE,2025-09-02,Pune,3-6 Years,"c, bootstrap, technology, java developer, spring, java, oops, j2ee, angularjs"
Java Developer,Bright Vision Technologies,2025-09-22,Hyderabad,3-5 Years,"java development programming excellence team collaboration immigration support client interaction, java developer"
"III - WR - Java, Sr. Java Developer",Taskrig Solutions Pvt. Ltd.,2025-09-20,Pune,3-6 Years,"oracle, eclipse ide, jsp, svn, bootstrap, ajax, jquery, javascript, sql, jasper, nosql, spring, java, postgresql, struts, linux, servlets, json"
Java Lead,Magic Finserv,2025-09-02,United,8-10 Years,"css, mq, svn, spring, java, git, oops, j2ee, web api, html"
Java Developer,virtusa consulting services pvt. ltd.,2025-08-31,Canada,2-3 Years,"java development, spring framework, relational databases, ui frameworks, restful apis, algorithms, spring boot, .net, data structures"
Java Developer,Headhuntersinc consultancy Private Limited,2025-09-04,Chennai,3-7 Years,"mobile, team player, java developer, spring boot, security, java, spring mvc, soap web services"
JAVA DEVELOPER,BUSISOL SOURCING INDIA PVT. LTD,2025-09-07,Mumbai,2-3 Years,"css, jsp, jdbc, hibernate, ajax, jquery, sql, database, java, j2ee, json, mysql, html, xml/xsl, javascript, java developer, .net, software developer"
Java Developer,cloudxlab,2025-09-21,Bengaluru,2-9 Years,"java, devops, nextgen, problem solving, team player, spring boot, infrastructure"
Java Developer,CONNECTING 2 WORK,2025-09-21,Cochin,3-6 Years,"rest, oracle, microsoft azure, sql, spring, security, java, git, postgresql, debugging"
Java Developer,"pegasus knowledge solutions india pvt ltd.,",2025-09-20,Bengaluru,0-3 Years,"css, python, rest api, bootstrap, ajax, javascript, java developer, sql, nosql, spring, spring boot, java, django, html, angularjs"
Java Engineer,UBS,2025-09-20,Singapore,3-5 Years,"java development, software development, financial protocols, web development, information technology, intellij, mockito, hibernate, sql, git, linux, jpa, html, rest, junit, mq, team player, eclipse, spring boot, infrastructure, soap"
Java Developer,BUSISOL SOURCING INDIA PVT. LTD,2025-09-07,Mumbai,2-3 Years,"css, jsp, jdbc, hibernate, ajax, jquery, sql, database, java, j2ee, json, mysql, html, director, xml/xsl, javascript, java developer, .net, software developer"
Java SDET,InfoTree Solutions,2025-09-13,Poland,0-3 Years,"load testing, java, selenium, sdet, white box testing, automation testing, testing, test cases, qtp, ds"
Java Developer,Cotocus,2025-09-20,Bengaluru,3-6 Years,"css, information technology, jsp, php developer, jquery, docker, markup languages, spring, oop, java, xml, debugging, json, html, javascript, java developer, struts, web technologies, servlets, java programming"
Java Developer,Increasingly,2025-09-22,Bengaluru,5-8 Years,"java development, spring boot, microservices architecture, apache kafka, system security, sso, messaging, spring security, software engineering"
Java Developer,BUSISOL SOURCING INDIA PVT. LTD,2025-09-07,Bengaluru,3-6 Years,"oracle, html5, hibernate framework, ajax, java developer, sql, struts, java ee, .net"
Java Developer,CONNECTING 2 WORK,2025-09-21,Thiruvananthapuram,1-3 Years,"spring, advanced java, java, servlets, mysql, hibernate"
Java Developer,Scandid,2025-09-20,Pune,0-3 Years,"python, lucene, sql, java, infrastructure, debugging, mysql, data structures, unix"
Java Developer,CONNECTING 2 WORK,2025-09-21,Cochin,0-3 Years,"rest, css, rest api, jsp, javascript, jquery, sql, java, servlets, json, html"
JAVA Developer,HARMAN INTERNATIONAL,2025-09-22,Pune,4-7 Years,"software development, api development, agile methodologies, cloud technologies, frontend frameworks, docker, sql, react.js, java, postgresql, python, github, software delivery, javascript, nosql, spring boot, node.js, openstack, software developer"
Java Developer,ORACLE,2025-09-19,Mumbai,3-5 Years,"core java development, jee frameworks, web services integration, shell scripting automation, database management, xml, devops, j2ee, multithreading, oracle, maven, java developer, spring framework, struts, soap, jsp, exception handling, jdbc, jboss application server, hibernate, sql, docker"
Java Developer,CONNECTING 2 WORK,2025-09-21,Bengaluru,5-8 Years,"software design, storage, spring, java, rest, cassandra, infrastructure, java programming"
Java -Consultant,apex jobs,2025-09-09,Gurgaon,4-6 Years,"java development microservices architecture spring boot framework restful apis ci/cd practices, junit, cloud services, orchestration, oss, docker, apex, consultant"
Java Developer,AAR Technologies and Software Solution Pvt. Ltd.,2025-09-20,Kolkata,0-3 Years,"spring framework, java ee, java developer, sql"
Java Developer,Truechip Solutions,2025-09-06,Noida,0-3 Years,"algorithms, jsp, artificial intelligence, fx, java, linux, j2ee, data structures, javafx, rest, rdbms, mobile, machine learning, java developer, spring framework, swing, servlets"
JAVA Developer,Brightcode Software Services Pvt. Ltd.,2025-09-20,Ranchi,1-3 Years,"oracle, java web services, jdbc, hibernate, javascript, java developer, sql, spring, database, oops, multithreading, mvc"
Java Developer,Team Computers Pvt Ltd,2025-09-02,Mumbai,0-3 Years,"gwt, jee, hibernate, java developer, sql, wicket, spring framework, memory management, java, spring mvc, java ee, jsf"
Java Developer,Sagarsoft,2025-09-20,Hyderabad,4-6 Years,"jsp, jdbc, jee, hibernate, spring, memory management, java, oops, log4j, github, java developer, spring boot"
java developer,FINITE HR CONSUTING PVT LTD,2025-09-21,Hyderabad,7-10 Years,"rest, html5, javascript, jquery, sql, spring, database, java, dao, mvc, soap"
Java developer,FINITE HR CONSUTING PVT LTD,2025-09-21,Hyderabad,7-10 Years,"rest, html5, javascript, jquery, sql, spring, database, java, dao, mvc, soap"
Industry Immersion Fellowship - Java Script/Java,volvo group india pvt ltd,2025-09-19,Bengaluru,1-3 Years,"java backend development, frontend development, full stack development, software architecture, agile devops practices, react.js, rest, javascript, spring boot, infrastructure"
Java Developer,CONNECTING 2 WORK,2025-09-21,Thiruvananthapuram,4-7 Years,"fundamentals, algorithms, python, problem solving, java developer, java, java ee, data structures, software engineering"
java developer,FINITE HR CONSUTING PVT LTD,2025-09-21,Hyderabad,7-10 Years,"rest, html5, javascript, jquery, sql, spring, database, java, dao, mvc, soap"
Java Developer,Fulcrum Digital,2025-09-22,Pune,5-6 Years,"java development, spring framework, microservices architecture, test driven development, api integration, sql, security, git, debugging, jpa, mvc, spring boot, gateway"
Java Developer,techieshubhdeep it solutions pvt. ltd,2025-09-20,Gwalior,2-3 Years,"html5, hibernate, j2ee developer, javascript, web programming, spring, java, struts, infrastructure, oops, linux, mysql, multithreading, hadoop"
Java Developer,Sagarsoft,2025-09-20,Hyderabad,4-6 Years,"jsp, jdbc, jee, hibernate, spring, memory management, java, oops, log4j, github, java developer, spring boot"
Java Developer,PTC,2025-09-22,Gurgaon,3-5 Years,"java development, jee expertise, sql proficiency, spring framework, problem solving, bootstrap, debugging"
Java Developer,AugmatrixGo,2025-08-29,Mumbai,0-3 Years,"css, rest api, html5, ubuntu, jsp, maven, problem solving, hibernate, jquery, eclipse, spring, java, spring security, git, spring mvc, j2ee, debugging, mysql"
Java Developer,BUSISOL SOURCING INDIA PVT. LTD,2025-09-07,Mumbai,3-6 Years,"oracle, html5, hibernate framework, ajax, java developer, sql, struts, java ee, .net"
JAVA ENGINEER,Caterpillar Inc.,2025-09-13,Slovakia,3-5 Years,"java development, restful api, microservices architecture, software testing, aws deployment, telematics, debugging, mysql, html, oracle"
Java Developer,origin hr,2025-09-02,Mumbai,5-8 Years,"java development, pl/sql proficiency, api integrations, agile methodologies, problem solving, oracle, java developer"
Java Developer,covalense global,2025-09-20,Hyderabad,6-9 Years,"algorithms, python, c, java, api, javascript, docker"
JAVA DEVELOPER,CONNECTING 2 WORK,2025-09-21,Cochin,1-4 Years,"hibernate, java developer, spring, multimedia, advanced java, java, infrastructure, servlets, debugging, mysql"
JAVA DEVELOPER,CONNECTING 2 WORK,2025-09-21,Thiruvananthapuram,3-6 Years,"rest, hibernate, hibernate framework, spring, spring boot, java, spring security, spring mvc, mvc"
Engineer - JAVA,TARGET,2025-09-20,Bengaluru,2-4 Years,"java development, microservices architecture, agile methodologies, ci/cd pipelines, debugging expertise, elastic search, database, security, vms, mongodb, operating system, mobile, problem solving, nosql, spring boot, cassandra, infrastructure"
JAVA DEVELOPER,DREAMAJAX TECHNOLOGIES,2025-09-20,Bengaluru,3-6 Years,"maven, problem solving, hibernate, apache tomcat, java developer, eclipse, spring, java, multithreading, data structures"
Java Developer,CONNECTING 2 WORK,2025-09-21,Cochin,0-3 Years,"rest, docker, spring framework, spring, spring boot, java, postgresql, json, api, mongodb"
JAVA - AWS,ORACLE,2025-09-19,Mumbai,3-5 Years,"front end development, back end development, object oriented concepts, microservices architecture, cloud technologies, soa, mockito, sql, spring, java, git, postgresql, rest, junit, oracle, mq, ant, maven, spring boot, soap"
Java Developer,zenga tv,2025-09-02,Gurgaon,2-5 Years,"html5, jsp, jdbc, hibernate, ajax, sql, spring, java, apache, linux, j2ee, middleware, windows, javascript, java developer, jsf, unix"
Java - Developer,Valtech,2025-09-22,Gandhinagar,5-10 Years,"java applications development microservice architecture design implementing design patterns web technologies expertise kubernetes deployments management, telematics, hibernate, security, mqtt, rest, software integration, spring boot"
Java Developers,bloom solutions pvt. ltd,2025-09-07,Bengaluru,0-3 Years,"java, php, html, javascript"
Java developer,Headhuntersinc consultancy Private Limited,2025-09-04,Chennai,0-3 Years,"spring, rest, java, mobile, telecom, soap, java developer"
Java Developer,Fulcrum Digital,2025-09-22,Pune,5-6 Years,"java development, spring framework, microservices architecture, test driven development, api integration, sql, security, git, debugging, jpa, mvc, spring boot, gateway"
Java Developer,DXC Technologies,2025-09-02,Noida,5-10 Years,"java development, sql database management, agile methodologies, rest api development, software architecture design, websphere, hibernate, spring, git, unix shell scripting, xml, j2ee, json, mongodb, oracle, rdbms, eclipse, struts, soap"
